"Model","ROC_AUC","PR_AUC"
"Multi-split LASSO + MLE",0.641496259351621,0.994168540901377
"Random Forest",0.528279301745636,0.991092734609501
"XGBoost",0.564912718204489,0.99230370423324
