"Model","ROC_AUC","PR_AUC"
"Multi-split LASSO + MLE",0.556124920510655,0.675274729580596
"Random Forest",0.523968362106737,0.671961316739851
"XGBoost",0.502177282330732,0.668645194366019
