"Model","ROC_AUC","PR_AUC"
"Multi-split LASSO + MLE",0.616280089171655,0.993363907333039
"Random Forest",0.513607444330336,0.991211179244318
"XGBoost",0.55724143977156,0.99249336829344
