"Model","ROC_AUC","PR_AUC"
"Multi-split LASSO + MLE",0.535306098427678,0.935884060571023
"Random Forest",0.466094434668856,0.921191755143931
"XGBoost",0.489437149587364,0.923904399140832
