"Model","ROC_AUC","PR_AUC"
"Multi-split LASSO + MLE",0.546341955321656,0.66639571147764
"Random Forest",0.544750674736758,0.704522784658311
"XGBoost",0.506756870910926,0.673229783581969
