"Model","ROC_AUC","PR_AUC"
"Multi-split LASSO + MLE",0.591187924758826,0.993745467804333
"Random Forest",0.549609285514292,0.994207221522772
"XGBoost",0.576348410415659,0.994493423605396
