"Model","ROC_AUC","PR_AUC"
"Multi-split LASSO + MLE",0.575833676766897,0.664781702064571
"Random Forest",0.498297541383416,0.645489625287693
"XGBoost",0.546646420502944,0.683685898227948
