"Model","ROC_AUC","PR_AUC"
"Multi-split LASSO + MLE",0.554967914705552,0.928513639933631
"Random Forest",0.468696550518733,0.914331453169158
"XGBoost",0.495717799223461,0.911298063936807
