"Model","ROC_AUC","PR_AUC"
"Multi-split LASSO + MLE",0.575072809695624,0.854827234358423
"Random Forest",0.47014506429827,0.826649489471444
"XGBoost",0.450371912295309,0.822378671192354
