"Model","ROC_AUC","PR_AUC"
"Multi-split LASSO + MLE",0.582504051172708,0.859420140377964
"Random Forest",0.464051172707889,0.827689855300839
"XGBoost",0.487084008528785,0.833379217530931
