"Model","ROC_AUC","PR_AUC"
"Multi-split LASSO + MLE",0.587316519709544,0.853633493436692
"Random Forest",0.479575337136929,0.825065256979483
"XGBoost",0.496711618257261,0.830365299570717
