"Model","ROC_AUC","PR_AUC"
"Multi-split LASSO + MLE",0.51176168788175,0.937877122133828
"Random Forest",0.423466623863887,0.918934159264754
"XGBoost",0.455190362495593,0.923561762778538
